Name,Surname,EmployeeID,HiringDate,FinishContractDate,AnnualSalary,FreeDaysSpent,BonusSalary
John,Doe,EMP001,2020-01-15,2023-12-31,55000,10,5000
Jane,Smith,EMP002,2019-03-10,2024-03-09,62000,15,6000
Alice,Johnson,EMP003,2021-06-01,2025-05-31,48000,8,4000
Bob,Williams,EMP004,2018-09-20,2023-09-19,70000,20,7000
Maria,Brown,EMP005,2022-02-14,2026-02-13,53000,5,4500
Tom,Clark,EMP006,2017-11-05,2022-11-04,75000,18,7500
Emma,Walker,EMP007,2020-07-22,2025-07-21,59000,12,5500
David,Hall,EMP008,2019-12-01,2024-11-30,67000,9,6700
Olivia,Allen,EMP009,2021-04-18,2026-04-17,51000,7,4200
Lucas,Young,EMP010,2016-08-30,2021-08-29,80000,25,8000